scenario,patient,seed,method,rmse_to_sequential_oracle,local_accuracy_residual
linear,0,0,Linear temporal,0.0008616409887564879,2.7755575615628914e-17
linear,0,0,Quadratic temporal,0.0012387838387019753,4.163336342344337e-17
linear,0,1,Linear temporal,0.0008321752011244972,1.3877787807814457e-17
linear,0,1,Quadratic temporal,0.00112948717933406,2.0816681711721685e-17
linear,0,2,Linear temporal,0.0019901639177332194,2.7755575615628914e-17
linear,0,2,Quadratic temporal,0.0022713986637114586,2.7755575615628914e-17
linear,0,3,Linear temporal,0.002265970398875437,2.7755575615628914e-17
linear,0,3,Quadratic temporal,0.002264229024286586,0.0
linear,0,4,Linear temporal,0.0016842617423661328,2.7755575615628914e-17
linear,0,4,Quadratic temporal,0.0014061050271579993,4.163336342344337e-17
linear,1,0,Linear temporal,0.000620992883499917,1.3877787807814457e-17
linear,1,0,Quadratic temporal,0.0008515123999345159,1.0408340855860843e-17
linear,1,1,Linear temporal,0.0006576753269652058,3.469446951953614e-18
linear,1,1,Quadratic temporal,0.0005398176835206664,1.734723475976807e-17
linear,1,2,Linear temporal,0.0016946397344437907,1.0408340855860843e-17
linear,1,2,Quadratic temporal,0.0019223037092402338,3.469446951953614e-18
linear,1,3,Linear temporal,0.0020991460691547645,1.0408340855860843e-17
linear,1,3,Quadratic temporal,0.0019094587609015214,1.0408340855860843e-17
linear,1,4,Linear temporal,0.0017060507267752769,6.938893903907228e-18
linear,1,4,Quadratic temporal,0.001769870292155244,6.938893903907228e-18
linear,2,0,Linear temporal,0.00034527191853458994,6.938893903907228e-18
linear,2,0,Quadratic temporal,0.0004368649804214095,6.938893903907228e-18
linear,2,1,Linear temporal,0.0011056887305492212,6.938893903907228e-18
linear,2,1,Quadratic temporal,0.0009733996961420904,0.0
linear,2,2,Linear temporal,0.0013122099968893841,1.3877787807814457e-17
linear,2,2,Quadratic temporal,0.0014548132844218553,1.3877787807814457e-17
linear,2,3,Linear temporal,0.0025721668890599475,1.3877787807814457e-17
linear,2,3,Quadratic temporal,0.0024219335395163693,6.938893903907228e-18
linear,2,4,Linear temporal,0.001856947046956983,1.3877787807814457e-17
linear,2,4,Quadratic temporal,0.0019907401208366336,1.3877787807814457e-17
linear,3,0,Linear temporal,0.0006398771929329133,6.938893903907228e-18
linear,3,0,Quadratic temporal,0.0009182429965146256,2.7755575615628914e-17
linear,3,1,Linear temporal,0.0010236658864934958,6.938893903907228e-18
linear,3,1,Quadratic temporal,0.0014317702985510202,1.3877787807814457e-17
linear,3,2,Linear temporal,0.0015022719571728617,4.85722573273506e-17
linear,3,2,Quadratic temporal,0.0014300189090217699,2.7755575615628914e-17
linear,3,3,Linear temporal,0.002482139468478966,3.469446951953614e-18
linear,3,3,Quadratic temporal,0.002815733422621278,2.0816681711721685e-17
linear,3,4,Linear temporal,0.0019533305180049784,1.734723475976807e-17
linear,3,4,Quadratic temporal,0.002262978125071589,2.7755575615628914e-17
linear,4,0,Linear temporal,0.0005061328778099699,1.3877787807814457e-17
linear,4,0,Quadratic temporal,0.0012052205539517856,2.0816681711721685e-17
linear,4,1,Linear temporal,0.0011232485963452838,6.938893903907228e-18
linear,4,1,Quadratic temporal,0.0019394439252282947,1.3877787807814457e-17
linear,4,2,Linear temporal,0.0011930304873356556,2.7755575615628914e-17
linear,4,2,Quadratic temporal,0.001118168987843783,1.3877787807814457e-17
linear,4,3,Linear temporal,0.0025094545307852156,1.3877787807814457e-17
linear,4,3,Quadratic temporal,0.003230888780252463,0.0
linear,4,4,Linear temporal,0.0019040452185973646,1.3877787807814457e-17
linear,4,4,Quadratic temporal,0.002500990016840409,6.938893903907228e-18
linear,5,0,Linear temporal,0.0005213321806276333,0.0
linear,5,0,Quadratic temporal,0.0010046699267969527,5.551115123125783e-17
linear,5,1,Linear temporal,0.0007035588467167183,2.7755575615628914e-17
linear,5,1,Quadratic temporal,0.0011751436860472778,5.551115123125783e-17
linear,5,2,Linear temporal,0.0012860123766539977,2.7755575615628914e-17
linear,5,2,Quadratic temporal,0.001485663076561976,1.3877787807814457e-17
linear,5,3,Linear temporal,0.002159233405701523,2.7755575615628914e-17
linear,5,3,Quadratic temporal,0.002527191236215118,0.0
linear,5,4,Linear temporal,0.001704682165830767,5.551115123125783e-17
linear,5,4,Quadratic temporal,0.00123760112829004,2.7755575615628914e-17
linear,6,0,Linear temporal,0.0008641702955752995,2.7755575615628914e-17
linear,6,0,Quadratic temporal,0.0011141480093547936,0.0
linear,6,1,Linear temporal,0.0005826806823555668,2.7755575615628914e-17
linear,6,1,Quadratic temporal,0.0005042988225971557,1.3877787807814457e-17
linear,6,2,Linear temporal,0.002042341879916887,2.7755575615628914e-17
linear,6,2,Quadratic temporal,0.0022875699249912517,2.7755575615628914e-17
linear,6,3,Linear temporal,0.0020595432207893,2.7755575615628914e-17
linear,6,3,Quadratic temporal,0.0018430961056466067,0.0
linear,6,4,Linear temporal,0.0018332481743819076,2.7755575615628914e-17
linear,6,4,Quadratic temporal,0.0020019081629135253,2.7755575615628914e-17
linear,7,0,Linear temporal,0.00040209564054280103,1.3877787807814457e-17
linear,7,0,Quadratic temporal,0.00048630483249863043,1.3877787807814457e-17
linear,7,1,Linear temporal,0.001048604208695548,1.3877787807814457e-17
linear,7,1,Quadratic temporal,0.0011614132133520843,6.938893903907228e-18
linear,7,2,Linear temporal,0.0013572272394930893,2.0816681711721685e-17
linear,7,2,Quadratic temporal,0.001288527219807844,0.0
linear,7,3,Linear temporal,0.002405091656568588,1.3877787807814457e-17
linear,7,3,Quadratic temporal,0.002513384434237962,1.0408340855860843e-17
linear,7,4,Linear temporal,0.001739434413531577,1.0408340855860843e-17
linear,7,4,Quadratic temporal,0.00195017595799051,1.0408340855860843e-17
linear,8,0,Linear temporal,0.0005317008022501193,2.0816681711721685e-17
linear,8,0,Quadratic temporal,0.0007508846085225113,1.3877787807814457e-17
linear,8,1,Linear temporal,0.0007235318584463403,1.3877787807814457e-17
linear,8,1,Quadratic temporal,0.0005703320611288047,2.0816681711721685e-17
linear,8,2,Linear temporal,0.001610329433119961,2.7755575615628914e-17
linear,8,2,Quadratic temporal,0.0018339274961689167,6.938893903907228e-18
linear,8,3,Linear temporal,0.002215084106970191,2.7755575615628914e-17
linear,8,3,Quadratic temporal,0.0020267498576665216,4.163336342344337e-17
linear,8,4,Linear temporal,0.0017124780240818814,2.0816681711721685e-17
linear,8,4,Quadratic temporal,0.0017420165447572375,2.7755575615628914e-17
linear,9,0,Linear temporal,0.0005527628000059689,1.3877787807814457e-17
linear,9,0,Quadratic temporal,0.0005874555469680978,1.3877787807814457e-17
linear,9,1,Linear temporal,0.001115577475567135,1.3877787807814457e-17
linear,9,1,Quadratic temporal,0.0008501653791611322,2.7755575615628914e-17
linear,9,2,Linear temporal,0.0012678758047549865,1.3877787807814457e-17
linear,9,2,Quadratic temporal,0.0015070807176894533,1.3877787807814457e-17
linear,9,3,Linear temporal,0.0027225636612692506,1.3877787807814457e-17
linear,9,3,Quadratic temporal,0.0024486434303708396,1.3877787807814457e-17
linear,9,4,Linear temporal,0.001899802080994803,2.7755575615628914e-17
linear,9,4,Quadratic temporal,0.0019323271125487973,1.3877787807814457e-17
nonlinear,0,0,Linear temporal,0.06367840709128995,2.7755575615628914e-17
nonlinear,0,0,Quadratic temporal,0.0030717335175736906,5.551115123125783e-17
nonlinear,0,1,Linear temporal,0.06705705385309065,3.2959746043559335e-17
nonlinear,0,1,Quadratic temporal,0.0015139100343486284,0.0
nonlinear,0,2,Linear temporal,0.05983232464222454,2.7755575615628914e-17
nonlinear,0,2,Quadratic temporal,0.002033936886584908,2.7755575615628914e-17
nonlinear,0,3,Linear temporal,0.07304176995049347,3.469446951953614e-18
nonlinear,0,3,Quadratic temporal,0.0027395999372458037,2.7755575615628914e-17
nonlinear,0,4,Linear temporal,0.07042286434395043,4.163336342344337e-17
nonlinear,0,4,Quadratic temporal,0.0025989194145010484,2.7755575615628914e-17
nonlinear,1,0,Linear temporal,0.036711479987331874,6.938893903907228e-18
nonlinear,1,0,Quadratic temporal,0.003095212781784651,6.938893903907228e-18
nonlinear,1,1,Linear temporal,0.033823780033566904,4.163336342344337e-17
nonlinear,1,1,Quadratic temporal,0.0009921707139362195,1.3877787807814457e-17
nonlinear,1,2,Linear temporal,0.038457520591684995,4.163336342344337e-17
nonlinear,1,2,Quadratic temporal,0.002137756141895031,1.214306433183765e-17
nonlinear,1,3,Linear temporal,0.03665095885190108,4.163336342344337e-17
nonlinear,1,3,Quadratic temporal,0.002157904352018304,1.3877787807814457e-17
nonlinear,1,4,Linear temporal,0.03770185264482515,2.7755575615628914e-17
nonlinear,1,4,Quadratic temporal,0.002469143309824398,6.938893903907228e-18
nonlinear,2,0,Linear temporal,0.02701226273081893,1.3877787807814457e-17
nonlinear,2,0,Quadratic temporal,0.003019926463894378,6.938893903907228e-18
nonlinear,2,1,Linear temporal,0.028868320402764346,4.163336342344337e-17
nonlinear,2,1,Quadratic temporal,0.0012957664630912878,1.3877787807814457e-17
nonlinear,2,2,Linear temporal,0.025792973668411222,4.163336342344337e-17
nonlinear,2,2,Quadratic temporal,0.0017147010580350612,3.469446951953614e-17
nonlinear,2,3,Linear temporal,0.034270519141543186,1.3877787807814457e-17
nonlinear,2,3,Quadratic temporal,0.0025455697000264454,1.3877787807814457e-17
nonlinear,2,4,Linear temporal,0.02892710890467378,4.163336342344337e-17
nonlinear,2,4,Quadratic temporal,0.00254807875529275,2.0816681711721685e-17
nonlinear,3,0,Linear temporal,0.04318357458825779,5.551115123125783e-17
nonlinear,3,0,Quadratic temporal,0.0037191059150125548,2.7755575615628914e-17
nonlinear,3,1,Linear temporal,0.04638957548341411,0.0
nonlinear,3,1,Quadratic temporal,0.0019257059601699839,5.551115123125783e-17
nonlinear,3,2,Linear temporal,0.04068160388308672,5.551115123125783e-17
nonlinear,3,2,Quadratic temporal,0.0015510022249672088,0.0
nonlinear,3,3,Linear temporal,0.0504870135378871,2.7755575615628914e-17
nonlinear,3,3,Quadratic temporal,0.0028254129485903467,0.0
nonlinear,3,4,Linear temporal,0.04777474423495637,5.551115123125783e-17
nonlinear,3,4,Quadratic temporal,0.002952923055818676,5.551115123125783e-17
nonlinear,4,0,Linear temporal,0.028759148394379264,5.551115123125783e-17
nonlinear,4,0,Quadratic temporal,0.0034070342892150935,5.551115123125783e-17
nonlinear,4,1,Linear temporal,0.03036745383554027,5.551115123125783e-17
nonlinear,4,1,Quadratic temporal,0.0015514797719289651,5.551115123125783e-17
nonlinear,4,2,Linear temporal,0.02758026569030456,2.7755575615628914e-17
nonlinear,4,2,Quadratic temporal,0.0015933399545544112,2.7755575615628914e-17
nonlinear,4,3,Linear temporal,0.03256633093271512,1.1102230246251565e-16
nonlinear,4,3,Quadratic temporal,0.002243337304795846,2.7755575615628914e-17
nonlinear,4,4,Linear temporal,0.0319075305471921,5.551115123125783e-17
nonlinear,4,4,Quadratic temporal,0.0025238130804384196,5.551115123125783e-17
nonlinear,5,0,Linear temporal,0.03589208993742543,1.3877787807814457e-17
nonlinear,5,0,Quadratic temporal,0.0030870719018044417,1.3877787807814457e-17
nonlinear,5,1,Linear temporal,0.03390348530967605,1.3877787807814457e-17
nonlinear,5,1,Quadratic temporal,0.0010677665223167378,1.3877787807814457e-17
nonlinear,5,2,Linear temporal,0.036061880722249855,1.3877787807814457e-17
nonlinear,5,2,Quadratic temporal,0.0019801668576176325,6.938893903907228e-18
nonlinear,5,3,Linear temporal,0.03403551298489215,2.7755575615628914e-17
nonlinear,5,3,Quadratic temporal,0.002420935785314318,0.0
nonlinear,5,4,Linear temporal,0.03674110367237348,2.7755575615628914e-17
nonlinear,5,4,Quadratic temporal,0.002627659269109897,2.7755575615628914e-17
nonlinear,6,0,Linear temporal,0.0363697929787724,1.3877787807814457e-17
nonlinear,6,0,Quadratic temporal,0.0028141274513537027,1.734723475976807e-17
nonlinear,6,1,Linear temporal,0.0393195467150062,2.0816681711721685e-17
nonlinear,6,1,Quadratic temporal,0.0006456853212602303,1.3877787807814457e-17
nonlinear,6,2,Linear temporal,0.03347653242442951,2.0816681711721685e-17
nonlinear,6,2,Quadratic temporal,0.002369975757366651,6.938893903907228e-18
nonlinear,6,3,Linear temporal,0.045185705982420526,0.0
nonlinear,6,3,Quadratic temporal,0.0018637753305042431,3.469446951953614e-17
nonlinear,6,4,Linear temporal,0.0433892003864849,2.7755575615628914e-17
nonlinear,6,4,Quadratic temporal,0.0023047531302783485,3.469446951953614e-18
nonlinear,7,0,Linear temporal,0.04427064090824768,5.551115123125783e-17
nonlinear,7,0,Quadratic temporal,0.0030228397878855,0.0
nonlinear,7,1,Linear temporal,0.047977071085415414,5.551115123125783e-17
nonlinear,7,1,Quadratic temporal,0.001455163736059624,1.3877787807814457e-17
nonlinear,7,2,Linear temporal,0.04158496238998934,2.7755575615628914e-17
nonlinear,7,2,Quadratic temporal,0.0015748746838716665,0.0
nonlinear,7,3,Linear temporal,0.05270043638581648,2.7755575615628914e-17
nonlinear,7,3,Quadratic temporal,0.0026056710807118963,1.3877787807814457e-17
nonlinear,7,4,Linear temporal,0.04788634767984952,5.551115123125783e-17
nonlinear,7,4,Quadratic temporal,0.00249035174967538,1.3877787807814457e-17
nonlinear,8,0,Linear temporal,0.07435194990320974,2.7755575615628914e-17
nonlinear,8,0,Quadratic temporal,0.002690924512604623,2.7755575615628914e-17
nonlinear,8,1,Linear temporal,0.07154975436452896,2.7755575615628914e-17
nonlinear,8,1,Quadratic temporal,0.0004513019895859912,2.7755575615628914e-17
nonlinear,8,2,Linear temporal,0.07600469372003371,2.7755575615628914e-17
nonlinear,8,2,Quadratic temporal,0.002775968107674471,1.734723475976807e-18
nonlinear,8,3,Linear temporal,0.07341463578110036,3.469446951953614e-17
nonlinear,8,3,Quadratic temporal,0.0016040044636302232,3.469446951953614e-18
nonlinear,8,4,Linear temporal,0.07465370874884619,1.3877787807814457e-17
nonlinear,8,4,Quadratic temporal,0.002102674487355149,1.3877787807814457e-17
nonlinear,9,0,Linear temporal,0.03508965437970931,2.7755575615628914e-17
nonlinear,9,0,Quadratic temporal,0.0033026445297108394,1.3877787807814457e-17
nonlinear,9,1,Linear temporal,0.03349222946881179,2.7755575615628914e-17
nonlinear,9,1,Quadratic temporal,0.001161126220849048,1.3877787807814457e-17
nonlinear,9,2,Linear temporal,0.035804688869568696,2.7755575615628914e-17
nonlinear,9,2,Quadratic temporal,0.0019423634009863241,1.3877787807814457e-17
nonlinear,9,3,Linear temporal,0.03813603551544889,5.551115123125783e-17
nonlinear,9,3,Quadratic temporal,0.002440836381835363,2.7755575615628914e-17
nonlinear,9,4,Linear temporal,0.036647895367183346,8.326672684688674e-17
nonlinear,9,4,Quadratic temporal,0.002754778003563818,1.3877787807814457e-17
