seed,method,rmse_to_marginal,residual_to_empirical_baseline,historical_abs_share,seconds
0,Kernel,0.0001684858397866459,3.3810061384718926e-06,0.0038062801871264285,1.2190870000049472
0,Sampling,0.00018547732639478585,1.1345091532888318e-15,0.0,0.8273866999952588
0,Temporal,0.014539276831607405,0.0069723581597293804,0.2751317911221566,0.1700942000024952
1,Kernel,0.0002098110241000069,7.34551668887575e-07,0.009686056471475182,0.9632091000094078
1,Sampling,0.000118031025887578,9.992007221626409e-16,0.0,0.7978497000003699
1,Temporal,0.014000813055212767,0.002133071352767843,0.32246069496167273,0.13187250000191852
2,Kernel,0.00017859595487365717,3.827892244027732e-06,0.0047195510301951205,0.9823907999962103
2,Sampling,0.0001348926010145244,9.066821367772111e-16,0.0,0.8128488000074867
2,Temporal,0.016436809896965426,0.0031350794653935143,0.3424943509238082,0.1310356999747455
3,Kernel,0.00018686757138441863,7.464428230098223e-06,0.004037034232000023,0.9478549000050407
3,Sampling,8.430787563397667e-05,9.448460532487009e-16,0.0,0.8275418000121135
3,Temporal,0.014075077354785201,0.0014913804356399413,0.31532328123201003,0.1285582999989856
4,Kernel,0.00015176551692231376,9.8581390046056e-07,0.007267064353483842,0.9676698999828659
4,Sampling,0.00018547732639494818,9.575673587391975e-16,0.0,0.8058767000038642
4,Temporal,0.015510389588749965,0.00423607389135518,0.31002594200395633,0.13036430001375265
